{"Onion_pune": 2270.408935546875, "Wheat_mumbai": 2726.5830078125}