{"Onion_pune": 2270.408935546875, "Wheat_mumbai": 2729.937744140625}