{"Onion_pune": 1180.2133750915527, "Wheat_mumbai": 1958.2967529296875}